[
  {
    "uuid": "cdbbaf53-d350-4207-ac7d-04a7e6778e18",
    "name": "Nerd",
    "level": 4,
    "bypassesPlayerLimit": false
  },
  {
    "uuid": "30990e44-180a-4b3a-b975-479855c6efe2",
    "name": "KingZimri",
    "level": 4,
    "bypassesPlayerLimit": false
  },
  {
    "uuid": "e9aac9dc-c452-447b-afe4-38770a9a9332",
    "name": "Nerdom",
    "level": 4,
    "bypassesPlayerLimit": false
  },
  {
    "uuid": "d055ab1b-6482-442d-b65e-ab5c16f6a6af",
    "name": "Ishbosheth",
    "level": 4,
    "bypassesPlayerLimit": false
  },
  {
    "uuid": "fc7d95c9-9d71-4090-a95c-7c7987d928bd",
    "name": "Ish",
    "level": 4,
    "bypassesPlayerLimit": false
  }
]