{
    "NOP": {
        "implied": {
            "size": "1",
            "opcode": {
                "value": "0x00",
                "flags": [
                    {
                        "value": "XX",
                        "microcode": [
                            [
                                "PC_OE",
                                "MAR_LOAD_LSB"
                            ],
                            [
                                "RAM_OE",
                                "INST_LOAD"
                            ],
                            [
                                "PC_INC",
                                "CTRL_DONE"
                            ]
                        ]
                    }
                ]
            }
        }
    },
    "ADDA": {
        "immediate": {
            "size": "2",
            "opcode": {
                "value": "0x07",
                "flags": [
                    {
                        "value": "XX",
                        "microcode": [
                            [
                                "PC_OE",
                                "MAR_LOAD_LSB"
                            ],
                            [
                                "RAM_OE",
                                "INST_LOAD"
                            ],
                            [
                                "PC_INC"
                            ],
                            [
                                "PC_OE",
                                "MAR_LOAD_LSB"
                            ],
                            [
                                "RAM_OE",
                                "B_LOAD",
                                "PC_INC"
                            ],
                            [
                                "ALU_OE",
                                "A_LOAD",
                                "ALU_FLAGS_LOAD",
                                "CTRL_DONE"
                            ]
                        ]
                    }
                ]
            }
        }
    },
    "ADDB": {
        "immediate": {
            "size": "2",
            "opcode": {
                "value": "0x08",
                "flags": [
                    {
                        "value": "XX",
                        "microcode": [
                            [
                                "PC_OE",
                                "MAR_LOAD_LSB"
                            ],
                            [
                                "RAM_OE",
                                "INST_LOAD"
                            ],
                            [
                                "PC_INC",
                                "CTRL_DONE"
                            ],
                            [
                                "PC_OE",
                                "MAR_LOAD_LSB"
                            ],
                            [
                                "RAM_OE",
                                "A_LOAD",
                                "PC_INC"
                            ],
                            [
                                "ALU_OE",
                                "B_LOAD",
                                "ALU_FLAGS_LOAD",
                                "CTRL_DONE"
                            ]
                        ]
                    }
                ]
            }
        }
    },
    "SUBA": {
        "immediate": {
            "size": "2",
            "opcode": {
                "value": "0x09",
                "flags": [
                    {
                        "value": "XX",
                        "microcode": [
                            [
                                "PC_OE",
                                "MAR_LOAD_LSB"
                            ],
                            [
                                "RAM_OE",
                                "INST_LOAD"
                            ],
                            [
                                "PC_INC",
                                "CTRL_DONE"
                            ],
                            [
                                "PC_OE",
                                "MAR_LOAD_LSB"
                            ],
                            [
                                "RAM_OE",
                                "B_LOAD",
                                "PC_INC",
                                "ALU_SUB"
                            ],
                            [
                                "ALU_OE",
                                "A_LOAD",
                                "ALU_FLAGS_LOAD",
                                "CTRL_DONE"
                            ]
                        ]
                    }
                ]
            }
        }
    },
    "DBLA": {
        "immediate": {
            "size": "2",
            "opcode": {
                "value": "0x0A",
                "flags": [
                    {
                        "value": "XX",
                        "microcode": [
                            [
                                "PC_OE",
                                "MAR_LOAD_LSB"
                            ],
                            [
                                "RAM_OE",
                                "INST_LOAD"
                            ],
                            [
                                "PC_INC"
                            ],
                            [
                                "PC_OE",
                                "MAR_LOAD_LSB"
                            ],
                            [
                                "RAM_OE",
                                "A_LOAD",
                                "B_LOAD"
                            ],
                            [
                                "ALU_OE",
                                "A_LOAD"
                            ],
                            [
                                "PC_INC",
                                "CTRL_DONE"
                            ]
                        ]
                    }
                ]
            }
        }
    },
    "DBLB": {
        "immediate": {
            "size": "2",
            "opcode": {
                "value": "0x0B",
                "flags": [
                    {
                        "value": "XX",
                        "microcode": [
                            [
                                "PC_OE",
                                "MAR_LOAD_LSB"
                            ],
                            [
                                "RAM_OE",
                                "INST_LOAD"
                            ],
                            [
                                "PC_INC"
                            ],
                            [
                                "PC_OE",
                                "MAR_LOAD_LSB"
                            ],
                            [
                                "RAM_OE",
                                "A_LOAD",
                                "B_LOAD"
                            ],
                            [
                                "ALU_OE",
                                "B_LOAD"
                            ],
                            [
                                "PC_INC",
                                "CTRL_DONE"
                            ]
                        ]
                    }
                ]
            }
        }
    },
    "LDA": {
        "indirect": {
            "size": "2",
            "opcode": {
                "value": "0x04",
                "flags": [
                    {
                        "value": "XX",
                        "microcode": [
                            [
                                "PC_OE",
                                "MAR_LOAD_LSB"
                            ],
                            [
                                "RAM_OE",
                                "INST_LOAD"
                            ],
                            [
                                "PC_INC"
                            ],
                            [
                                "PC_OE",
                                "MAR_LOAD_LSB"
                            ],
                            [
                                "RAM_OE",
                                "MAR_LOAD_LSB"
                            ],
                            [
                                "RAM_OE",
                                "A_LOAD"
                            ],
                            [
                                "CTRL_DONE"
                            ]
                        ]
                    }
                ]
            }
        },
        "immediate": {
            "size": "2",
            "opcode": {
                "value": "0x01",
                "flags": [
                    {
                        "value": "XX",
                        "microcode": [
                            [
                                "PC_OE",
                                "MAR_LOAD_LSB"
                            ],
                            [
                                "RAM_OE",
                                "INST_LOAD"
                            ],
                            [
                                "PC_INC"
                            ],
                            [
                                "PC_OE",
                                "MAR_LOAD_LSB"
                            ],
                            [
                                "RAM_OE",
                                "A_LOAD"
                            ],
                            [
                                "PC_INC",
                                "CTRL_DONE"
                            ]
                        ]
                    }
                ]
            }
        }
    },
    "LDB": {
        "immediate": {
            "size": "2",
            "opcode": {
                "value": "0x02",
                "flags": [
                    {
                        "value": "XX",
                        "microcode": [
                            [
                                "PC_OE",
                                "MAR_LOAD_LSB"
                            ],
                            [
                                "RAM_OE",
                                "INST_LOAD"
                            ],
                            [
                                "PC_INC"
                            ],
                            [
                                "PC_OE",
                                "MAR_LOAD_LSB"
                            ],
                            [
                                "RAM_OE",
                                "B_LOAD"
                            ],
                            [
                                "PC_INC",
                                "CTRL_DONE"
                            ]
                        ]
                    }
                ]
            }
        },
        "indirect": {
            "size": "2",
            "opcode": {
                "value": "0x11",
                "flags": [
                    {
                        "value": "XX",
                        "microcode": [
                            [
                                "PC_OE",
                                "MAR_LOAD_LSB"
                            ],
                            [
                                "RAM_OE",
                                "INST_LOAD"
                            ],
                            [
                                "PC_INC"
                            ],
                            [
                                "PC_OE",
                                "MAR_LOAD_LSB"
                            ],
                            [
                                "RAM_OE",
                                "MAR_LOAD_LSB"
                            ],
                            [
                                "RAM_OE",
                                "B_LOAD"
                            ],
                            [
                                "PC_INC",
                                "CTRL_DONE"
                            ]
                        ]
                    }
                ]
            }
        }
    },
    "LDC": {
        "indirect": {
            "size": "2",
            "opcode": {
                "value": "0x12",
                "flags": [
                    {
                        "value": "XX",
                        "microcode": [
                            [
                                "PC_OE",
                                "MAR_LOAD_LSB"
                            ],
                            [
                                "RAM_OE",
                                "INST_LOAD"
                            ],
                            [
                                "PC_INC"
                            ],
                            [
                                "PC_OE",
                                "MAR_LOAD_LSB"
                            ],
                            [
                                "RAM_OE",
                                "MAR_LOAD_LSB"
                            ],
                            [
                                "RAM_OE",
                                "C_LOAD"
                            ],
                            [
                                "PC_INC",
                                "CTRL_DONE"
                            ]
                        ]
                    }
                ]
            }
        },
        "immediate": {
            "size": "2",
            "opcode": {
                "value": "0x03",
                "flags": [
                    {
                        "value": "XX",
                        "microcode": [
                            [
                                "PC_OE",
                                "MAR_LOAD_LSB"
                            ],
                            [
                                "RAM_OE",
                                "INST_LOAD"
                            ],
                            [
                                "PC_INC"
                            ],
                            [
                                "PC_OE",
                                "MAR_LOAD_LSB"
                            ],
                            [
                                "RAM_OE",
                                "C_LOAD"
                            ],
                            [
                                "PC_INC",
                                "CTRL_DONE"
                            ]
                        ]
                    }
                ]
            }
        }
    },
    "JMP": {
        "immediate": {
            "size": "2",
            "opcode": {
                "value": "0x05",
                "flags": [
                    {
                        "value": "XX",
                        "microcode": [
                            [
                                "PC_OE",
                                "MAR_LOAD_LSB"
                            ],
                            [
                                "RAM_OE",
                                "INST_LOAD"
                            ],
                            [
                                "PC_INC"
                            ],
                            [
                                "PC_OE",
                                "MAR_LOAD_LSB"                                
                            ],
                            [
                                "RAM_OE",
                                "PC_LOAD_LSB",
                                "CTRL_DONE"
                            ]
                        ]
                    }
                ]
            }
        }
    },
    "JZ": {
        "immediate": {
            "size": "2",
            "opcode": {
                "value": "0x06",
                "flags": [
                    {
                        "value": "1X",
                        "microcode": [
                            [
                                "PC_OE",
                                "MAR_LOAD_LSB"
                            ],
                            [
                                "RAM_OE",
                                "INST_LOAD"
                            ],
                            [
                                "PC_INC"
                            ],
                            [
                                "PC_OE",
                                "MAR_LOAD_LSB"                                
                            ],
                            [
                                "RAM_OE",
                                "PC_LOAD_LSB",
                                "CTRL_DONE"
                            ]
                        ]
                    },
                    {
                        "value": "0X",
                        "microcode": [
                            [
                                "PC_OE",
                                "MAR_LOAD_LSB"
                            ],
                            [
                                "RAM_OE",
                                "INST_LOAD"
                            ],
                            [
                                "PC_INC"
                            ],
                            [
                                "PC_INC",                               
                                "CTRL_DONE"
                            ]
                        ]
                    }
                ]
            }
        }
    },
    "JNZ": {
        "immediate": {
            "size": "2",
            "opcode": {
                "value": "0x10",
                "flags": [
                    {
                        "value": "0X",
                        "microcode": [
                            [
                                "PC_OE",
                                "MAR_LOAD_LSB"
                            ],
                            [
                                "RAM_OE",
                                "INST_LOAD"
                            ],
                            [
                                "PC_INC"
                            ],
                            [
                                "PC_OE",
                                "MAR_LOAD_LSB"                                
                            ],
                            [
                                "RAM_OE",
                                "PC_LOAD_LSB",
                                "CTRL_DONE"
                            ]
                        ]
                    },
                    {
                        "value": "1X",
                        "microcode": [
                            [
                                "PC_OE",
                                "MAR_LOAD_LSB"
                            ],
                            [
                                "RAM_OE",
                                "INST_LOAD"
                            ],
                            [
                                "PC_INC"
                            ],
                            [
                                "PC_INC",                               
                                "CTRL_DONE"
                            ]
                        ]
                    }
                ]
            }
        }
    },
    "JC": {
        "immediate": {
            "size": "2",
            "opcode": {
                "value": "0x0C",
                "flags": [
                    {
                        "value": "X1",
                        "microcode": [
                            [
                                "PC_OE",
                                "MAR_LOAD_LSB"
                            ],
                            [
                                "RAM_OE",
                                "INST_LOAD"
                            ],
                            [
                                "PC_INC"
                            ],
                            [
                                "PC_OE",
                                "MAR_LOAD_LSB"                                
                            ],
                            [
                                "RAM_OE",
                                "PC_LOAD_LSB",
                                "CTRL_DONE"
                            ]
                        ]
                    },
                    {
                        "value": "X0",
                        "microcode": [
                            [
                                "PC_OE",
                                "MAR_LOAD_LSB"
                            ],
                            [
                                "RAM_OE",
                                "INST_LOAD"
                            ],
                            [
                                "PC_INC"
                            ],
                            [
                                "PC_INC",                               
                                "CTRL_DONE"
                            ]
                        ]
                    }
                ]
            }
        }
    },
    "JNC": {
        "immediate": {
            "size": "2",
            "opcode": {
                "value": "0xEC",
                "flags": [
                    {
                        "value": "X0",
                        "microcode": [
                            [
                                "PC_OE",
                                "MAR_LOAD_LSB"
                            ],
                            [
                                "RAM_OE",
                                "INST_LOAD"
                            ],
                            [
                                "PC_INC"
                            ],
                            [
                                "PC_OE",
                                "MAR_LOAD_LSB"                                
                            ],
                            [
                                "RAM_OE",
                                "PC_LOAD_LSB",
                                "CTRL_DONE"
                            ]
                        ]
                    },
                    {
                        "value": "X1",
                        "microcode": [
                            [
                                "PC_OE",
                                "MAR_LOAD_LSB"
                            ],
                            [
                                "RAM_OE",
                                "INST_LOAD"
                            ],
                            [
                                "PC_INC"
                            ],
                            [
                                "PC_INC",                               
                                "CTRL_DONE"
                            ]
                        ]
                    }
                ]
            }
        }
    },
    "HLT": {
        "implied": {
            "size": "1",
            "opcode": {
                "value": "0xFF",
                "flags": [
                    {
                        "value": "XX",
                        "microcode": [
                            [
                                "PC_OE",
                                "MAR_LOAD_LSB"
                            ],
                            [
                                "RAM_OE",
                                "INST_LOAD"
                            ],
                            [
                                "PC_INC",
                                "CTRL_HALT"
                            ]
                        ]
                    }
                ]
            }
        }
    },
    "ARAM": {
        "immediate": {
            "size": "2",
            "opcode": {
                "value": "0x13",
                "flags": [
                    {
                        "value": "XX",
                        "microcode": [
                            [
                                "PC_OE",
                                "MAR_LOAD_LSB"
                            ],
                            [
                                "RAM_OE",
                                "INST_LOAD"
                            ],
                            [
                                "PC_INC"
                            ],
                            [
                                "PC_OE",
                                "MAR_LOAD_LSB"
                            ],
                            [
                                "A_OE",
                                "RAM_WE"
                            ],
                            [
                                "PC_INC",
                                "CTRL_DONE"
                            ]
                        ]
                    }
                ]
            }
        }
    },
    "BRAM": {
        "immediate": {
            "size": "2",
            "opcode": {
                "value": "0x14",
                "flags": [
                    {
                        "value": "XX",
                        "microcode": [
                            [
                                "PC_OE",
                                "MAR_LOAD_LSB"
                            ],
                            [
                                "RAM_OE",
                                "INST_LOAD"
                            ],
                            [
                                "PC_INC"
                            ],
                            [
                                "PC_OE",
                                "MAR_LOAD_LSB"
                            ],
                            [
                                "B_OE",
                                "RAM_WE"
                            ],
                            [
                                "PC_INC",
                                "CTRL_DONE"
                            ]
                        ]
                    }
                ]
            }
        }
    },
    "CRAM": {
        "immediate": {
            "size": "2",
            "opcode": {
                "value": "0x19",
                "flags": [
                    {
                        "value": "XX",
                        "microcode": [
                            [
                                "PC_OE",
                                "MAR_LOAD_LSB"
                            ],
                            [
                                "RAM_OE",
                                "INST_LOAD"
                            ],
                            [
                                "PC_INC"
                            ],
                            [
                                "PC_OE",
                                "MAR_LOAD_LSB"
                            ],
                            [
                                "RAM_OE",
                                "MAR_LOAD_LSB"
                            ],
                            [
                                "C_OE",
                                "RAM_WE"
                            ],
                            [
                                "PC_INC",
                                "CTRL_DONE"
                            ]
                        ]
                    }
                ]
            }
        }
    },
    "ALURAM": {
        "immediate": {
            "size": "2",
            "opcode": {
                "value": "0x0E",
                "flags": [
                    {
                        "value": "XX",
                        "microcode": [
                            [
                                "PC_OE",
                                "MAR_LOAD_LSB"
                            ],
                            [
                                "RAM_OE",
                                "INST_LOAD"
                            ],
                            [
                                "PC_INC"
                            ],
                            [
                                "PC_OE",
                                "MAR_LOAD_LSB"
                            ],
                            [
                                "RAM_OE",
                                "MAR_LOAD_LSB"
                            ],
                            [
                                "ALU_OE",
                                "RAM_WE"
                            ],
                            [
                                "PC_INC",
                                "CTRL_DONE"
                            ]
                        ]
                    }
                ]
            }
        }
    },
    "SUB_ALU_C": {
        "implied": {
            "size": "1",
            "opcode": {
                "value": "0x17",
                "flags": [
                    {
                        "value": "XX",
                        "microcode": [
                            [
                                "PC_OE",
                                "MAR_LOAD_LSB"
                            ],
                            [
                                "RAM_OE",
                                "INST_LOAD"
                            ],
                            [
                                "PC_INC"
                            ],
                            [
                                "ALU_SUB",
                                "ALU_OE",
                                "C_LOAD"
                            ],
                            [
                                "CTRL_DONE"
                            ]
                        ]
                    }
                ]
            }
        }
    },
    "SUB_ALU_A": {
        "implied": {
            "size": "1",
            "opcode": {
                "value": "0x16",
                "flags": [
                    {
                        "value": "XX",
                        "microcode": [
                            [
                                "PC_OE",
                                "MAR_LOAD_LSB"
                            ],
                            [
                                "RAM_OE",
                                "INST_LOAD"
                            ],
                            [
                                "PC_INC"
                            ],
                            [
                                "PC_OE",
                                "MAR_LOAD_LSB"
                            ],
                            [
                                "ALU_SUB",
                                "ALU_OE",
                                "A_LOAD"
                            ],
                            [
                                "ALU_FLAGS_LOAD",
                                "CTRL_DONE"
                            ]
                        ]
                    }
                ]
            }
        }
    },
    "C_A": {
        "implied": {
            "size": "1",
            "opcode": {
                "value": "0x21",
                "flags": [
                    {
                        "value": "XX",
                        "microcode": [
                            [
                                "PC_OE",
                                "MAR_LOAD_LSB"
                            ],
                            [
                                "RAM_OE",
                                "INST_LOAD"
                            ],
                            [
                                "PC_INC"
                            ],
                            [
                                "C_OE",
                                "A_LOAD"
                            ],
                            [
                                "ALU_FLAGS_LOAD",
                                "CTRL_DONE"
                            ]
                        ]
                    }
                ]
            }
        }
    },
    "C_B": {
        "implied": {
            "size": "1",
            "opcode": {
                "value": "0x22",
                "flags": [
                    {
                        "value": "XX",
                        "microcode": [
                            [
                                "PC_OE",
                                "MAR_LOAD_LSB"
                            ],
                            [
                                "RAM_OE",
                                "INST_LOAD"
                            ],
                            [
                                "PC_INC"
                            ],
                            [
                                "C_OE",
                                "B_LOAD"
                            ],
                            [
                                "ALU_FLAGS_LOAD",
                                "CTRL_DONE"
                            ]
                        ]
                    }
                ]
            }
        }
    },
    "ALU_TO_A": {
        "implied": {
            "size": "1",
            "opcode": {
                "value": "0x33",
                "flags": [
                    {
                        "value": "XX",
                        "microcode": [
                            [
                                "PC_OE",
                                "MAR_LOAD_LSB"
                            ],
                            [
                                "RAM_OE",
                                "INST_LOAD"
                            ],
                            [
                                "PC_INC"
                            ],
                            [
                                "ALU_OE",
                                "A_LOAD"
                            ],
                            [
                                "ALU_FLAGS_LOAD",
                                "CTRL_DONE"
                            ]
                        ]
                    }
                ]
            }
        }
    },
    "ALU_TO_B": {
        "implied": {
            "size": "1",
            "opcode": {
                "value": "0x31",
                "flags": [
                    {
                        "value": "XX",
                        "microcode": [
                            [
                                "PC_OE",
                                "MAR_LOAD_LSB"
                            ],
                            [
                                "RAM_OE",
                                "INST_LOAD"
                            ],
                            [
                                "PC_INC"
                            ],
                            [
                                "ALU_OE",
                                "B_LOAD"
                            ],
                            [
                                "CTRL_DONE"
                            ]
                        ]
                    }
                ]
            }
        }
    },
    "ALU_TO_OUT": {
        "implied": {
            "size": "1",
            "opcode": {
                "value": "0x32",
                "flags": [
                    {
                        "value": "XX",
                        "microcode": [
                            [
                                "PC_OE",
                                "MAR_LOAD_LSB"
                            ],
                            [
                                "RAM_OE",
                                "INST_LOAD"
                            ],
                            [
                                "PC_INC"
                            ],
                            [
                                "ALU_OE",
                                "OUT_LOAD"
                            ],
                            [
                                "CTRL_DONE"
                            ]
                        ]
                    }
                ]
            }
        }
    },
    "RAM_ADDR": {
        "implied": {
            "size": "1",
            "opcode": {
                "value": "0x3A",
                "flags": [
                    {
                        "value": "XX",
                        "microcode": [
                            [
                                "PC_OE",
                                "MAR_LOAD_LSB"
                            ],
                            [
                                "RAM_OE",
                                "INST_LOAD"
                            ],
                            [
                                "PC_INC"
                            ],
                            [
                                "MAR_LOAD_LSB"
                            ],
                            [
                                "ALU_OE",
                                "RAM_WE",
                                "CTRL_DONE"
                            ]
                        ]
                    }
                ]
            }
        }
    }
}